CustomerID,FirstName,LastName,Email,Phone,Address,City,State,Country,RegistrationDate
1,John,Doe,johndoe@example.com,123-456-7890,123 Main St,Anytown,CA,USA,2023-01-01
2,Unknown,Smith,janesmith@example.com,987-654-3210,456 Oak Ave,Somewhere,TX,USA,2022-12-15
3,Michael,Johnson,michaelj@example.com,555-123-4567,789 Elm Blvd,Anothercity,NY,USA,2023-02-28
4,Alice,Williams,alicew@example.com,222-333-4444,567 Pine Dr,Yourtown,FL,USA,2023-03-10
5,Robert,Brown,robertb@example.com,888-777-6666,890 Cedar Ln,Smalltown,OH,USA,2023-04-05
6,Emily,Jones,emilyj@example.com,444-555-6666,321 Birch St,Bigcity,IL,USA,2023-05-20
7,David,Davis,davidd@example.com,777-888-9999,432 Maple Ave,Everywhere,WA,USA,2023-06-02
8,Susan,Miller,susanm@example.com,111-222-3333,654 Walnut Dr,Nowhere,GA,USA,2023-07-15
9,James,Wilson,jamesw@example.com,999-888-7777,876 Beach Rd,Sunshine,CA,USA,2023-08-30
10,Sarah,Moore,sarahm@example.com,666-555-4444,210 River View,Somewherelse,TX,USA,2023-09-12
11,Christopher,Lee,chrisl@example.com,333-222-1111,543 Hilltop Rd,Anotherplace,NY,USA,2023-10-25
12,Laura,Garcia,laurag@example.com,777-999-1111,789 Skyline Dr,Yourcity,FL,USA,2023-11-08
13,Kevin,Hernandez,kevinh@example.com,555-666-7777,987 Forest Ln,Theirtown,OH,USA,2023-12-01
14,Michelle,Martinez,michellem@example.com,222-333-4444,123 Park Pl,Ourtown,IL,USA,2024-01-14
15,Jason,Robinson,jasonr@example.com,888-777-6666,456 Grove St,Yourcity,WA,USA,2024-02-27
16,Amanda,Clark,amandac@example.com,444-555-6666,789 Ivy Ave,Anothertown,GA,USA,2024-03-11
17,Matthew,Rodriguez,matthewr@example.com,777-888-9999,321 Beach Blvd,Smalltown,CA,USA,2024-04-24
18,Ashley,Lewis,ashleyl@example.com,111-222-3333,654 Lakeview Dr,Bigcity,TX,USA,2024-05-07
19,Brian,Lee,brianl@example.com,999-888-7777,876 Sunrise Ln,Everywhere,NY,USA,2024-06-20
20,Rachel,Walker,rachelw@example.com,666-555-4444,210 Sunset Rd,Nowhere,FL,USA,2024-07-03
21,Justin,Hall,justinh@example.com,333-222-1111,543 Moonlight Ave,Sunshine,IL,USA,2024-08-16
22,Kimberly,Young,kimberlyy@example.com,777-999-1111,789 Rainbow Dr,Somewherelse,WA,USA,2024-09-29
23,Joshua,Hill,joshuah@example.com,555-666-7777,987 Oceanview Ln,Anotherplace,GA,USA,2024-10-12
24,Stephanie,Allen,stephaniea@example.com,222-333-4444,123 Riverside Dr,Theirtown,CA,USA,2024-11-25
25,Andrew,Wright,andreww@example.com,888-777-6666,456 Mountain Rd,Ourtown,TX,USA,2024-12-08
26,Heather,Scott,heathers@example.com,444-555-6666,789 Hillside Ave,Yourcity,OH,USA,2025-01-21
27,Tyler,Torres,tylert@example.com,777-888-9999,321 Valley Rd,Anothertown,IL,USA,2025-02-03
28,Nicole,Nguyen,nicolen@example.com,111-222-3333,654 Hillcrest Dr,Smalltown,WA,USA,2025-03-18
29,Jonathan,Gonzalez,jonathang@example.com,999-888-7777,876 Ridgeview Ln,Bigcity,GA,USA,2025-04-01
30,Christina,Harris,christinah@example.com,666-555-4444,210 Lakeside Dr,Everywhere,CA,USA,2025-05-14
31,Benjamin,Clark,benjaminc@example.com,333-222-1111,543 Forest Ave,Sunshine,TX,USA,2025-06-27
32,Rebecca,King,rebeccak@example.com,777-999-1111,789 Parkside Dr,Somewherelse,NY,USA,2025-07-10
33,Nicholas,Baker,nicholasb@example.com,555-666-7777,987 Meadowview Ln,Anotherplace,FL,USA,2025-08-23
34,Hannah,Gutierrez,hannahg@example.com,222-333-4444,123 Hilltop Rd,Theirtown,OH,USA,2025-09-05
35,Paula,Adams,paulaa@example.com,888-777-6666,456 Ridge Rd,Ourtown,IL,USA,2025-10-18
36,Edward,Lopez,edwarde@example.com,444-555-6666,789 Cedar St,Yourcity,WA,USA,2025-11-01
37,Austin,Campbell,austinc@example.com,777-888-9999,321 Sunset Blvd,Anothertown,GA,USA,2025-12-14
38,Victoria,Hall,victoriah@example.com,111-222-3333,654 Sunrise Ln,Smalltown,CA,USA,2026-01-27
39,Lauren,Green,laureng@example.com,999-888-7777,876 Moonlight Ave,Bigcity,TX,USA,2026-02-09
40,Marcus,Mitchell,marcusm@example.com,666-555-4444,210 Rainbow Dr,Everywhere,IL,USA,2026-03-24
41,Grace,Roberts,gracer@example.com,333-222-1111,543 Oceanview Ln,Sunshine,WA,USA,2026-04-06
42,Daniel,Carter,danielc@example.com,777-999-1111,789 Riverside Dr,Somewherelse,GA,USA,2026-05-19
43,Ashley,Phillips,ashleyp@example.com,555-666-7777,987 Mountain Rd,Anotherplace,CA,USA,2026-06-01
44,Katie,Ross,katier@example.com,222-333-4444,123 Hillside Ave,Theirtown,TX,USA,2026-07-14
45,Ryan,Evans,ryane@example.com,888-777-6666,456 Valley Rd,Ourtown,IL,USA,2026-08-27
46,Jordan,Perez,jordanp@example.com,444-555-6666,789 Hillcrest Dr,Yourcity,WA,USA,2026-09-09
47,Brittany,Morris,brittanym@example.com,777-888-9999,321 Ridgeview Ln,Anothertown,GA,USA,2026-10-22
48,Dylan,Murphy,dylanm@example.com,111-222-3333,654 Lakeside Dr,Smalltown,CA,USA,2026-11-04
49,Julia,Cook,juliac@example.com,999-888-7777,876 Forest Ave,Bigcity,TX,USA,2026-12-17
50,Eric,Bailey,ericb@example.com,666-555-4444,210 Parkside Dr,Everywhere,IL,USA,2027-01-30
51,Emma,Rivera,emmar@example.com,333-222-1111,543 Lakeside Dr,Sunshine,WA,USA,2027-02-12
52,Nathan,Rogers,nathanr@example.com,777-999-1111,789 Forest Ave,Somewherelse,GA,USA,2027-03-27
53,Samantha,Peterson,samanthap@example.com,555-666-7777,987 Ridge Rd,Anotherplace,CA,USA,2027-04-09
54,Anthony,Hall,anthonyh@example.com,222-333-4444,123 Cedar St,Theirtown,TX,USA,2027-05-22
55,Alexis,Morris,alexism@example.com,888-777-6666,456 Sunset Blvd,Ourtown,IL,USA,2027-06-04
56,Logan,Sullivan,logans@example.com,444-555-6666,789 Sunrise Ln,Yourcity,WA,USA,2027-07-17
57,Abigail,Long,abigaill@example.com,777-888-9999,321 Moonlight Ave,Anothertown,GA,USA,2027-08-30
58,Scott,Gomez,scottg@example.com,111-222-3333,654 Oceanview Ln,Smalltown,CA,USA,2027-09-12
59,Megan,Ross,meganr@example.com,999-888-7777,876 Riverside Dr,Bigcity,TX,USA,2027-10-25
60,Derek,Bryant,derekb@example.com,666-555-4444,210 Hilltop Rd,Everywhere,IL,USA,2027-11-07
61,Christine,Ward,christinew@example.com,333-222-1111,543 Ridgeview Ln,Sunshine,WA,USA,2027-12-20
62,Bruce,Gray,bruceg@example.com,777-999-1111,789 Lakeside Dr,Somewherelse,GA,USA,2028-01-02
63,Taylor,Flores,taylorf@example.com,555-666-7777,987 Forest Ave,Anotherplace,CA,USA,2028-02-15
64,Julian,Washington,julianw@example.com,222-333-4444,123 Hillcrest Dr,Theirtown,TX,USA,2028-03-29
65,Diana,Bell,dianab@example.com,888-777-6666,456 Mountain Rd,Ourtown,IL,USA,2028-04-11
66,Caleb,Cole,calebc@example.com,444-555-6666,789 Valley Rd,Yourcity,WA,USA,2028-05-24
67,Evelyn,Richards,evelynr@example.com,777-888-9999,321 Hillside Ave,Anothertown,GA,USA,2028-06-06
68,Victor,Hayes,victorh@example.com,111-222-3333,654 Cedar St,Smalltown,CA,USA,2028-07-19
69,Isabella,Chavez,isabellac@example.com,999-888-7777,876 Oak Ave,Bigcity,TX,USA,2028-08-01
70,Jesse,Gibson,jesseg@example.com,666-555-4444,210 Elm Blvd,Everywhere,IL,USA,2028-09-14
71,Miranda,Bryant,mirandab@example.com,333-222-1111,543 Main St,Sunshine,WA,USA,2028-10-27
72,Oscar,West,oscarw@example.com,777-999-1111,789 Oak Ave,Somewherelse,GA,USA,2028-11-09
73,Audrey,Page,audreyp@example.com,555-666-7777,987 Elm Blvd,Anotherplace,CA,USA,2028-12-22
74,Gavin,Berry,gavinb@example.com,222-333-4444,123 Pine Dr,Theirtown,TX,USA,2029-01-04
75,Ava,Gordon,avag@example.com,888-777-6666,456 Birch St,Ourtown,IL,USA,2029-02-17
76,Wesley,Wells,wesleyw@example.com,444-555-6666,789 Maple Ave,Yourcity,WA,USA,2029-03-02
77,Leah,Harrison,leahh@example.com,777-888-9999,321 Grove St,Anothertown,GA,USA,2029-04-15
78,Tristan,Fisher,tristanf@example.com,111-222-3333,654 Ivy Ave,Smalltown,CA,USA,2029-05-28
79,Caroline,Dean,carolined@example.com,999-888-7777,876 Park Pl,Bigcity,TX,USA,2029-06-10
80,Patrick,Hanson,patrickh@example.com,666-555-4444,210 Hillcrest Dr,Everywhere,IL,USA,2029-07-23
81,Allison,Kennedy,allisonk@example.com,333-222-1111,543 Ridgeview Ln,Sunshine,WA,USA,2029-08-05
82,Eli,Mendoza,elim@example.com,777-999-1111,789 Lakeside Dr,Somewherelse,GA,USA,2029-09-18
83,Avery,McDonald,averym@example.com,555-666-7777,987 Forest Ave,Anotherplace,CA,USA,2029-10-01
84,Clara,Collins,clarac@example.com,222-333-4444,123 Hilltop Rd,Theirtown,TX,USA,2029-11-14
85,Colton,Austin,coltona@example.com,888-777-6666,456 Cedar St,Ourtown,IL,USA,2029-12-27
86,Molly,Holland,mollyh@example.com,444-555-6666,789 Oak Ave,Yourcity,WA,USA,2030-01-09
87,Dean,Reyes,deanr@example.com,777-888-9999,321 Elm Blvd,Anothertown,GA,USA,2030-02-22
88,Elena,Graham,elenag@example.com,111-222-3333,654 Pine Dr,Smalltown,CA,USA,2030-03-07
89,Austin,Wallace,austinw@example.com,999-888-7777,876 Birch St,Bigcity,TX,USA,2030-04-20
90,Lily,Newman,lilyn@example.com,666-555-4444,210 Maple Ave,Everywhere,IL,USA,2030-05-03
91,Adrian,Gilbert,adriang@example.com,333-222-1111,543 Grove St,Sunshine,WA,USA,2030-06-16
92,Julia,Harvey,juliah@example.com,777-999-1111,789 Ivy Ave,Somewherelse,GA,USA,2030-07-29
93,Blake,Washington,blakew@example.com,555-666-7777,987 Hillside Ave,Anotherplace,CA,USA,2030-08-11
94,Melanie,Dean,melanied@example.com,222-333-4444,123 Cedar St,Theirtown,TX,USA,2030-09-24
95,Leo,Bailey,leob@example.com,888-777-6666,456 Oak Ave,Ourtown,IL,USA,2030-10-07
96,Sadie,Reid,sadier@example.com,444-555-6666,789 Pine Dr,Yourcity,WA,USA,2030-11-20
97,Carlos,George,carlosg@example.com,777-888-9999,321 Elm Blvd,Anothertown,GA,USA,2030-12-03
98,Maria,Hawkins,mariah@example.com,111-222-3333,654 Maple Ave,Smalltown,CA,USA,2031-01-16
99,Troy,Nichols,troyn@example.com,999-888-7777,876 Birch St,Bigcity,TX,USA,2031-02-28
100,Isabelle,Morrison,isabellem@example.com,666-555-4444,210 Oak Ave,Everywhere,IL,USA,2031-03-13
101,Philip,Hernandez,philiph@example.com,333-222-1111,543 Hilltop Rd,Sunshine,WA,USA,2031-04-26
102,Naomi,Fuller,naomif@example.com,777-999-1111,789 Cedar St,Somewherelse,GA,USA,2031-05-09
103,Peter,Wagner,peterw@example.com,555-666-7777,987 Oak Ave,Anotherplace,CA,USA,2031-06-22
104,Kaitlyn,Stewart,kaitlyns@example.com,222-333-4444,123 Elm Blvd,Theirtown,TX,USA,2031-07-05
105,Haven,Church,havenchurch@example.com,567-890-1234,876 Pine Ln,Anytown,FL,USA,2023-03-28
106,Alice,Garza,aliceg@example.com,444-555-6666,789 Oak Ave,Yourcity,WA,USA,2031-08-18
107,Cameron,Wheeler,cameronw@example.com,777-888-9999,321 Maple Ave,Anothertown,GA,USA,2031-09-01
108,Katherine,Gomez,katherineg@example.com,111-222-3333,654 Hilltop Rd,Smalltown,CA,USA,2031-10-14
109,Shane,Webb,shanew@example.com,999-888-7777,876 Cedar St,Bigcity,TX,USA,2031-11-27
110,Caroline,Page,carolinep@example.com,666-555-4444,210 Elm Blvd,Everywhere,IL,USA,2031-12-10
111,Isaac,Lane,isaacl@example.com,333-222-1111,543 Pine Dr,Sunshine,WA,USA,2032-01-23
112,Holly,Hunter,hollyh@example.com,777-999-1111,789 Oak Ave,Somewherelse,GA,USA,2032-02-05
113,Joel,Mendoza,joelm@example.com,555-666-7777,987 Cedar St,Anotherplace,CA,USA,2032-03-19
114,Julia,Guerrero,juliag@example.com,222-333-4444,123 Hilltop Rd,Theirtown,TX,USA,2032-04-01
115,Paul,Stanley,pauls@example.com,888-777-6666,456 Pine Dr,Ourtown,IL,USA,2032-05-14
116,Sandra,Ferguson,sandraf@example.com,444-555-6666,789 Elm Blvd,Yourcity,WA,USA,2032-06-27
117,Mark,Cole,markc@example.com,777-888-9999,321 Cedar St,Anothertown,GA,USA,2032-07-10
118,Emma,Fields,emmaf@example.com,111-222-3333,654 Oak Ave,Smalltown,CA,USA,2032-08-23
119,Lucas,Ramirez,lucasr@example.com,999-888-7777,876 Hilltop Rd,Bigcity,TX,USA,2032-09-05
120,Abigail,Sharp,abigails@example.com,666-555-4444,210 Cedar St,Everywhere,IL,USA,2032-10-18
121,Travis,Reyes,travisr@example.com,333-222-1111,543 Elm Blvd,Sunshine,WA,USA,2032-11-01
122,Hannah,Burke,hannahb@example.com,777-999-1111,789 Pine Dr,Somewherelse,GA,USA,2032-12-14
123,Marshall,Franklin,marshallf@example.com,555-666-7777,987 Oak Ave,Anotherplace,CA,USA,2033-01-27
124,Angela,Neal,angelan@example.com,222-333-4444,123 Cedar St,Theirtown,TX,USA,2033-02-09
125,Marc,Grant,marcg@example.com,888-777-6666,456 Hilltop Rd,Ourtown,IL,USA,2033-03-24
126, Brooke, Watkins, brookew@example.com, 444-555-6666, 789 Pine Dr, Yourcity, WA, USA, 2033-04-06
127, Joey, Oliver, joeyo@example.com, 777-888-9999, 321 Oak Ave, Anothertown, GA, USA, 2033-05-19
128, Ella, Harvey, ellah@example.com, 111-222-3333, 654 Hilltop Rd, Smalltown, CA, USA, 2033-06-01
129, Cory, Mccoy, corym@example.com, 999-888-7777, 876 Cedar St, Bigcity, TX, USA, 2033-07-14
130, Jocelyn, Mendoza, jocelynm@example.com, 666-555-4444, 210 Elm Blvd, Everywhere, IL, USA, 2033-07-30
131, Ryan, Mcdonald, ryanm@example.com, 333-222-1111, 543 Pine Dr, Sunshine, WA, USA, 2033-08-27
132, Christina, Romero, christinar@example.com, 777-999-1111, 789 Oak Ave, Somewherelse, GA, USA, 2033-09-09
133, Mitchell, Bryant, mitchellb@example.com, 555-666-7777, 987 Cedar St, Anotherplace, CA, USA, 2033-10-22
134, Lucy, Martin, lucym@example.com, 222-333-4444, 123 Hilltop Rd, Theirtown, TX, USA, 2033-11-04
135, Liam, Grant, liamg@example.com, 888-777-6666, 456 Pine Dr, Ourtown, IL, USA, 2033-12-17
136, Clara, Reyes, clarar@example.com, 444-555-6666, 789 Elm Blvd, Yourcity, WA, USA, 2034-01-30
137, Carlos, Murray, carlosm@example.com, 777-888-9999, 321 Cedar St, Anothertown, GA, USA, 2034-02-12
138, Mia, Sullivan, mias@example.com, 111-222-3333, 654 Oak Ave, Smalltown, CA, USA, 2034-03-27
139, Owen, Wagner, owenw@example.com, 999-888-7777, 876 Hilltop Rd, Bigcity, TX, USA, 2034-04-09
140, Alana, Flores, alanaf@example.com, 666-555-4444, 210 Cedar St, Everywhere, IL, USA, 2034-05-22
141, Colin, Knight, colink@example.com, 333-222-1111, 543 Elm Blvd, Sunshine, WA, USA, 2034-06-05
142, Audrey, Casey, audreyc@example.com, 777-999-1111, 789 Pine Dr, Somewherelse, GA, USA, 2034-07-18
143, Jared, Andrews, jareda@example.com, 555-666-7777, 987 Oak Ave, Anotherplace, CA, USA, 2034-08-31
144, Kayla, Brooks, kaylab@example.com, 222-333-4444, 123 Cedar St, Theirtown, TX, USA, 2034-09-13
145, Max, Hansen, maxh@example.com, 888-777-6666, 456 Hilltop Rd, Ourtown, IL, USA, 2034-10-26
146, Ava, Ball, avab@example.com, 444-555-6666, 789 Pine Dr, Yourcity, WA, USA, 2034-11-08
147, Julian, Gray, juliang@example.com, 777-888-9999, 321 Elm Blvd, Anothertown, GA, USA, 2034-12-21
148, Isabel, Bailey, isabelb@example.com, 111-222-3333, 654 Maple Ave, Smalltown, CA, USA, 2035-01-03
149, Adriana, Fox, adrianaf@example.com, 999-888-7777, 876 Birch St, Bigcity, TX, USA, 2035-02-16
150, Andre, Cruz, andrec@example.com, 666-555-4444, 210 Oak Ave, Everywhere, IL, USA, 2035-03-01
151, Sophia, Woods, sophiaw@example.com, 333-222-1111, 543 Hilltop Rd, Sunshine, WA, USA, 2035-04-14
152, Thomas, Griffin, thomasg@example.com, 777-999-1111, 789 Cedar St, Somewherelse, GA, USA, 2035-05-27
153, Lily, Sanders, lilys@example.com, 555-666-7777, 987 Oak Ave, Anotherplace, CA, USA, 2035-06-09
154, Austin, Stevens, austins@example.com, 222-333-4444, 123 Elm Blvd, Theirtown, TX, USA, 2035-07-22
155, Elise, Hart, eliseh@example.com, 888-777-6666, 456 Cedar St, Ourtown, IL, USA, 2035-08-04
156, John, Perkins, johnp@example.com, 444-555-6666, 789 Hilltop Rd, Yourcity, WA, USA, 2035-09-17
157, Hannah, Rice, hannahr@example.com, 777-888-9999, 321 Oak Ave, Anothertown, GA, USA, 2035-10-30
158, Eric, Dean, ericd@example.com, 111-222-3333, 654 Hilltop Rd, Smalltown, CA, USA, 2035-11-12
159, Naomi, Fisher, naomif@example.com, 999-888-7777, 876 Cedar St, Bigcity, TX, USA, 2035-12-25
160, Nolan, Hill, nolanh@example.com, 666-555-4444, 210 Elm Blvd, Everywhere, IL, USA, 2036-01-07
161, Alexis, Chang, alexisch@example.com, 333-222-1111, 543 Pine Dr, Sunshine, WA, USA, 2036-02-20
162, Ella, Spencer, ellasp@example.com, 777-999-1111, 789 Oak Ave, Somewherelse, GA, USA, 2036-03-04
163, Grant, Hamilton, granth@example.com, 555-666-7777, 987 Cedar St, Anotherplace, CA, USA, 2036-04-17
164, Eleanor, Gardner, eleanorg@example.com, 222-333-4444, 123 Hilltop Rd, Theirtown, TX, USA, 2036-05-01
165, Jason, Webster, jasonw@example.com, 888-777-6666, 456 Pine Dr, Ourtown, IL, USA, 2036-06-14
166, Amelia, Bowman, ameliab@example.com, 444-555-6666, 789 Elm Blvd, Yourcity, WA, USA, 2036-07-27
167, Gabriel, Davidson, gabrield@example.com, 777-888-9999, 321 Cedar St, Anothertown, GA, USA, 2036-08-09
168, Sophie, May, sophiem@example.com, 111-222-3333, 654 Oak Ave, Smalltown, CA, USA, 2036-09-22
169, Jack, Pearson, jackp@example.com, 999-888-7777, 876 Hilltop Rd, Bigcity, TX, USA, 2036-10-05
170, Morgan, Collins, morganc@example.com, 666-555-4444, 210 Cedar St, Everywhere, IL, USA, 2036-11-18
171, Audrey, Cross, audreyc@example.com, 333-222-1111, 543 Elm Blvd, Sunshine, WA, USA, 2036-12-01
172, Connor, Dixon, connord@example.com, 777-999-1111, 789 Pine Dr, Somewherelse, GA, USA, 2037-01-14
173, Molly, Henderson, mollyh@example.com, 555-666-7777, 987 Oak Ave, Anotherplace, CA, USA, 2037-02-27
174, Maxwell, Sharp, maxwells@example.com, 222-333-4444, 123 Cedar St, Theirtown, TX, USA, 2037-03-12
175, Isabella, Garrett, isabellaga@example.com, 888-777-6666, 456 Hilltop Rd, Ourtown, IL, USA, 2037-04-25
176, Landon, Chavez, landonc@example.com, 444-555-6666, 789 Pine Dr, Yourcity, WA, USA, 2037-05-08
177, Makayla, Herrera, makaylah@example.com, 777-888-9999, 321 Elm Blvd, Anothertown, GA, USA, 2037-06-21
178, George, Goodman, georgeg@example.com, 111-222-3333, 654 Oak Ave, Smalltown, CA, USA, 2037-07-04
179, Bailey, Sharp, baileys@example.com, 999-888-7777, 876 Hilltop Rd, Bigcity, TX, USA, 2037-08-17
180, Camila, Collins, camilac@example.com, 666-555-4444, 210 Cedar St, Everywhere, IL, USA, 2037-09-30
181, Dean, Gregory, deang@example.com, 333-222-1111, 543 Elm Blvd, Sunshine, WA, USA, 2037-10-13
182, Alana, Hayes, alanah@example.com, 777-999-1111, 789 Pine Dr, Somewherelse, GA, USA, 2037-11-26
183, Athena, Hicks, athenahicks@example.com, 123-456-7890, 876 Walnut Ave, Sometown, TX, USA, 2037-11-07
184, Claire, West, clairew@example.com, 222-333-4444, 123 Hilltop Rd, Theirtown, TX, USA, 2037-12-09
185, Aidan, Hill, aidanh@example.com, 888-777-6666, 456 Pine Dr, Ourtown, IL, USA, 2038-01-22
186, Leah, Burton, leahb@example.com, 444-555-6666, 789 Elm Blvd, Yourcity, WA, USA, 2038-03-07
187, Caroline, Neal, carolinen@example.com, 777-888-9999, 321 Cedar St, Anothertown, GA, USA, 2038-04-20
188, Aaron, Fuller, aaronf@example.com, 111-222-3333, 654 Oak Ave, Smalltown, CA, USA, 2038-06-03
189,Hannah,Wilkins,hannahw@example.com,999-888-7777,876 Hilltop Rd,Bigcity,TX,USA,2038-07-16
190,Mason,Mckenzie,masonm@example.com,666-555-4444,210 Cedar St,Everywhere,IL,USA,2038-08-29
191,Nevaeh,Bradley,nevaehb@example.com,333-222-1111,543 Elm Blvd,Sunshine,WA,USA,2038-10-12
192,Jacob,Watkins,jacobw@example.com,777-999-1111,789 Pine Dr,Somewherelse,GA,USA,2038-11-25
193,Valeria,Matthews,valeriam@example.com,555-666-7777,987 Oak Ave,Anotherplace,CA,USA,2039-01-07
194,Adrian,Barrett,adrianb@example.com,222-333-4444,123 Cedar St,Theirtown,TX,USA,2039-02-20
195,Lauren,Richardson,laurenr@example.com,888-777-6666,456 Hilltop Rd,Ourtown,IL,USA,2039-04-05
196,Jeremiah,Payne,jeremiahp@example.com,444-555-6666,789 Pine Dr,Yourcity,WA,USA,2039-05-18
197,Leilani,Frank,leilanif@example.com,777-888-9999,321 Elm Blvd,Anothertown,GA,USA,2039-06-01
198,Brayden,Miles,braydenm@example.com,111-222-3333,654 Oak Ave,Smalltown,CA,USA,2039-07-14
199,Delilah,Houston,delilahh@example.com,999-888-7777,876 Hilltop Rd,Bigcity,TX,USA,2039-08-27
200,Lucas,Sharp,lucass@example.com,666-555-4444,210 Cedar St,Everywhere,IL,USA,2039-10-10
